eesnimi,perenimi,roll,
Tweek,Tweak,IT,
Bebe,Stevens,IT,
Bradley,Biggle,IT,
Clyde,Donovan,IT,
Craig,Tucker,IT,
Jimmy,Valmer,IT,
Timmy,Burch,IT,
Token,Black,IT,
Randy,Marsh,IT,
Sharon,Marsh,IT,
Shelly,Marsh,Raamatupidamine,
Marvin,Marsh,Raamatupidamine,
Jimbo,Kern,Raamatupidamine,
Gerald,Broflovski,Raamatupidamine,
Sheila,Broflovski,Raamatupidamine,
Ike,Broflovski,Raamatupidamine,
Liane,Cartman,Raamatupidamine,
Stuart,McCormick,Raamatupidamine,
Carol,McCormick,Raamatupidamine,
Stephen,Stotch,Raamatupidamine,
Linda,Stotch,Turundusosakond,
Stan,Marsh,Turundusosakond,
Kyle,Broflovski,Turundusosakond,
Kenny,McCormick,Turundusosakond,
Butters,Stotch,Turundusosakond,
Wendy,Testaburger,Turundusosakond,
Matt,Stone,Turundusosakond,
Trey,Parker,Turundusosakond,
Mr,Hankey,Turundusosakond,
Justin,Adams,IT,
Brandon,Allen,IT,
William,Anderson,IT,
Olivia,Aust,Giidid,
Owen,Bailey,Giidid,
Austin,Baker,Giidid,
Cole,Barnes,Giidid,
Hannah,Bauerlein,Giidid,
Isabella,Bauerle,Giidid,
Samantha,Behnke,Giidid,
Lucas,Bell,Raamatupidamine,
Hayden,Bennett,Raamatupidamine,
Ashley,Bleeker,Raamatupidamine,
Ava,Bleeke,Raamatupidamine,
Alyssa,Breyer,Raamatupidamine,
Jesus,Brooks,Raamatupidamine,
Ethan,Brown,Raamatupidamine,
Mia,Buesing,Raamatupidamine,
Natalie,Busch,Raamatupidamine,
Jordan,Campbell,Raamatupidamine,
Thomas,Carter,Turundusosakond,
Chloe,Christmann,Turundusosakond,
Samuel,Clark,Turundusosakond,
Chase,Coleman,Turundusosakond,
Isaac,Collins,Turundusosakond,
Charles,Cook,Turundusosakond,
Diego,Cooper,Turundusosakond,
Adam,Cox,Turundusosakond,
Andrew,Davis,Turundusosakond,
Brianna,Diegelmann,Giidid,
Lauren,Diener,Giidid,
Ella,Dietrich,Giidid,
Anna,Dittmar,Giidid,
Taylor,Doering,Giidid,
Kayla,Duehring,Giidid,
Aiden,Edwards,Giidid,
Hailey,Engeldinger,Giidid,
Jessica,Erb,Giidid,
Connor,Evans,Giidid,
Victoria,Everding,Raamatupidamine,
Jasmine,Falger,Raamatupidamine,
Sydney,Fettkenheuer,Raamatupidamine,
Julia,Fischer,Raamatupidamine,
Destiny,Fleischer,Raamatupidamine,
Kaitlyn,Fleischmann,Raamatupidamine,
Morgan,Fleischhauer,Raamatupidamine,
Savannah,Franke,Raamatupidamine,
Katherine,Fuhr,Raamatupidamine,
John,Garcia,Raamatupidamine,
Alexandra,Geisler,Turundusosakond,
Rachel,Geissler,Turundusosakond,
Evan,Gonzalez,Turundusosakond,
Nathaniel,Gray,Turundusosakond,
Caleb,Green,Turundusosakond,
Lily,Guschke,Turundusosakond,
Megan,Haegler,Turundusosakond,
Kaylee,Hagler,Turundusosakond,
Logan,Hall,Turundusosakond,
Nicholas,Harris,Giidid,
Jennifer,Hausmann,Giidid,
Angelina,Haussmann,Giidid,
Makayla,Hedtke,Giidid,
Allison,Hegler,Giidid,
Maria,Heinitz,Giidid,
Wyatt,Henderson,Giidid,
Brooke,Hengel,Giidid,
Zachary,Hernandez,Giidid,
Lillian,Herzberg,Giidid,
Mackenzie,Herzog,Raamatupidamine,
Arvi,Salumets,Raamatupidamine,
Ingmar,Soots,Raamatupidamine,
Madli,Filatov,Raamatupidamine,
Rustam,Kalamees,Raamatupidamine,
Ian,Käär,Raamatupidamine,
Andrea,Naumov,Raamatupidamine,
Geidy,Aru,Raamatupidamine,
Jargo,Jõgi,Raamatupidamine,
Miikael,Muru,Raamatupidamine,
Marin,Moor,Turundusosakond,
Gloria,Teder,Turundusosakond,
Margot,Kuznetsov,Turundusosakond,
Kärt,Kallas,Turundusosakond,
Kaimar,Tomingas,Turundusosakond,
Toivo,Kuzmin,Turundusosakond,
Carolina,Rüütel,Turundusosakond,
Maia,Kass,Turundusosakond,
Diana,Fomin,Turundusosakond,
Marge,Koitla,Giidid,
Oleg,Aavik,Giidid,
Maarit,Tamm,Giidid,
Emily,Lumi,Giidid,
Piret,Toomsalu,Giidid,
Anastassija,Suvorov,Giidid,
Marcos,Jermakov,Giidid,
Maribel,Mark,Giidid,
Olga,Nõmmik,Giidid,
Taavi,Mölder,Giidid,
Anneliis,Oras,Raamatupidamine,
Marlen,Rosenberg,Raamatupidamine,
SvenErik,Kiis,Raamatupidamine,
Eeva,Tomson,Raamatupidamine,
Marleen,Drozdov,Raamatupidamine,
Brittany,Kask,Raamatupidamine,
KarlMarkus,Oras,Raamatupidamine,
Karolina,Aus,Raamatupidamine,
Tristan,Kangur,Raamatupidamine,
Eerika,Kroon,Raamatupidamine,
Oliver,Tuul,Turundusosakond,
Kaur,Kallaste,Turundusosakond,
Risto,Eskola,Turundusosakond,
Deivid,Kikas,Turundusosakond,
Tuuli,Makarov,Turundusosakond,
Sirly,Teesalu,Turundusosakond,
Agris,Ojala,Turundusosakond,
Vadim,Filatov,Turundusosakond,
Jarmo,Nurme,Turundusosakond,
Ellen,Vares,Giidid,
Annette,Susi,Giidid,
Valdur,Moroz,Giidid,
Hannah,Kattai,Giidid,
Meeri,Uibo,Giidid,
Pilleriin,Kallas,Giidid,
Liisbet,Raid,Giidid,
Kenet,Väli,Giidid,
Edith,Zujev,Giidid,
Liilia,Gavrilov,Giidid,
Kalmer,Miller,Raamatupidamine,
Eleri,Pätsep,Raamatupidamine,
Elisabet,Korol,Raamatupidamine,
Rita,Gerassimov,Raamatupidamine,
Dominik,Ilves,Raamatupidamine,
Luisa,Lind,Raamatupidamine,
Juliana,Saare,Raamatupidamine,
Maarja-Liisa,Vaino,Raamatupidamine,
Toivo,Jänes,Raamatupidamine,
Tiiu,Jegorov,Raamatupidamine,
Annabell,Sander,Turundusosakond,
Katri,Alver,Turundusosakond,
Tatiana,Peterson,Turundusosakond,
Katre,Maidla,Turundusosakond,
Evelin,Karpov,Turundusosakond,
Victor,Vesik,Turundusosakond,
Robi,Luik,Turundusosakond,
Julia,Hanson,Turundusosakond,
Ahto,Oja,Turundusosakond,
Christofer,Lomp,Giidid,
Sanna,Olesk,Giidid,
Tõnu,Kivi,Giidid,
Aleksander,Suits,Giidid,
Uljana,Teesalu,Giidid,
Gendra,Ader,Giidid,
Hanna,Vill,Giidid,
Veniamin,Võsu,Giidid,
Karli,Lepmets,Giidid,
Märten,Orlov,Giidid,
Yulia,Lokk,IT,
Anfissa,Soosalu,IT,
Felix,Nurm,IT,
Stenver,Männiste,IT,
Jonas,Lepmets,IT,
Evgeny,Uustalu,IT,
Hedi,Jürisson,IT,
Liisi,Beljajev,IT,
Anette,Mölder,IT,
Krister,Kostin,IT,
Jürgen,Sulg,IT,
Leelo,Sokk,IT,
Tõnis,Karpova,IT,
Elen,Annus,IT,
Benjamin,Walker,IT,
Kyle,Ward,Turundusosakond,
Bryan,Watson,Turundusosakond,
David,White,Turundusosakond,
Joshua,Williams,Turundusosakond,
Anthony,Wilson,Giidid,
Jeremiah,Wood,Giidid,
Elijah,Wright,Giidid,
Gabriel,Young,Giidid,
